,AMZN,CBOE,CVX,JPM,LLY,TAC
AMZN,1.0,-0.005621673476510905,-0.004955280644042161,-0.016858179068438416,-0.010750079921549603,0.0016196831069231045
CBOE,-0.005621673476510905,1.0,0.01809130918574704,0.002793141435957162,0.0030229692936829,-0.011146348280246963
CVX,-0.004955280644042161,0.01809130918574704,1.0,0.008073961882160361,0.013465879101848155,0.0002130711464775173
JPM,-0.016858179068438416,0.002793141435957162,0.008073961882160361,1.0,-0.017353293398742694,-0.0019319199428667693
LLY,-0.010750079921549603,0.0030229692936829,0.013465879101848155,-0.017353293398742694,1.0,-0.003931473466921945
TAC,0.0016196831069231045,-0.011146348280246963,0.0002130711464775173,-0.0019319199428667693,-0.003931473466921945,1.0
