,AMZN,CBOE,LLY,SFM,TAC
AMZN,1.0,0.00013374215693160056,0.014837057465741566,0.009744355128690969,-0.002101374129516477
CBOE,0.00013374215693160056,1.0,-0.010894518588291246,-0.001982940615872541,-0.01580488125985763
LLY,0.014837057465741566,-0.010894518588291246,1.0,-0.0170024976361673,-0.0005476961850084196
SFM,0.009744355128690969,-0.001982940615872541,-0.0170024976361673,1.0,0.0022066418777376357
TAC,-0.002101374129516477,-0.01580488125985763,-0.0005476961850084196,0.0022066418777376357,1.0
