,AMZN,CBOE,CVX,JPM,LLY,TAC
AMZN,1.0,0.0011059781463655391,-0.007712922259171407,-0.0017744366179190264,0.00982411508407624,-0.0034563798982326184
CBOE,0.0011059781463655391,1.0,0.002743593628853564,-0.017339481267581176,-0.013332429380743095,0.008386535098719177
CVX,-0.007712922259171407,0.002743593628853564,1.0,0.013435728657813943,-0.00521519000841981,0.019546595927709687
JPM,-0.0017744366179190264,-0.017339481267581176,0.013435728657813943,1.0,-0.011746573904233367,-0.0059121060510697095
LLY,0.00982411508407624,-0.013332429380743095,-0.00521519000841981,-0.011746573904233367,1.0,0.019781963819862837
TAC,-0.0034563798982326184,0.008386535098719177,0.019546595927709687,-0.0059121060510697095,0.019781963819862837,1.0
